Index,Estimator,Horizon,Model,QLIKE,RMSE,MAE,QLIKE_rank
SP500,CC,1,HAR,-5.994830708256981,0.00033724954041422793,0.00010681570371597995,7.0
SP500,CC,1,ARIMA,-6.008571177501944,0.00033895861638628673,0.00010689980759619598,6.0
SP500,CC,1,GARCH,-8.262427277694,0.0003199517273999393,0.0001266015246048371,3.0
SP500,CC,1,LSTM,-8.278850966570749,0.0003047745891701781,0.0001182709727406654,2.0
SP500,CC,1,CNN_LSTM,-8.282432497741796,0.00033414379851440294,0.00012929309281069812,1.0
SP500,CC,1,Transformer,-8.252164887905444,0.00029975760354158856,0.00011356491080346678,4.0
SP500,CC,1,PatchTST_lite,-7.999882488083199,0.0004953119399475547,0.0001563300093550497,5.0
SP500,CC,5,HAR,-5.6494887272407235,0.00034021213985213324,0.00010726762129190932,7.0
SP500,CC,5,ARIMA,-5.848820804827205,0.000339810504800011,0.00010732049185277962,6.0
SP500,CC,5,GARCH,-8.15960705654455,0.0003330411699707729,0.0001300560623884793,4.0
SP500,CC,5,LSTM,-8.194362408737115,0.0003502871991857661,0.00014113285864586863,2.0
SP500,CC,5,CNN_LSTM,-8.19997818389366,0.000331526486495644,0.00013018256677907109,1.0
SP500,CC,5,Transformer,-8.182279751828835,0.00032559613700647826,0.00011851319161488174,3.0
SP500,CC,5,PatchTST_lite,-8.112021057267075,0.0003386317639495557,0.00012274881407307577,5.0
SP500,CC,22,HAR,-5.294070274063597,0.00034258569522287077,0.00010928678905787316,7.0
SP500,CC,22,ARIMA,-5.71279319580412,0.00034119078568574336,0.00010807797788597548,6.0
SP500,CC,22,GARCH,-8.118695462828402,0.0003323770980573008,0.00013793423987088765,2.0
SP500,CC,22,LSTM,-8.122718471404662,0.00033073246842760094,0.0001328073317925649,1.0
SP500,CC,22,CNN_LSTM,-7.732533968065653,0.0003359433709049416,0.00012027647427543835,5.0
SP500,CC,22,Transformer,-8.111191720053261,0.000324249655594166,0.00013335573752440566,3.0
SP500,CC,22,PatchTST_lite,-8.077143350121077,0.0003304484651116148,0.00014135917584602624,4.0
SP500,Parkinson,1,HAR,-8.72532307031631,0.00014138251540810466,4.499935424437576e-05,5.0
SP500,Parkinson,1,ARIMA,-8.721492773932102,0.0001432923766829765,4.497270174513826e-05,6.0
SP500,Parkinson,1,GARCH,-8.673258928023003,0.00016203701165628007,8.077525960005178e-05,7.0
SP500,Parkinson,1,LSTM,-8.832383872642712,0.00011261521120198059,4.902096832265471e-05,1.0
SP500,Parkinson,1,CNN_LSTM,-8.809965460495444,0.00011650616897295981,4.7114231427114116e-05,3.0
SP500,Parkinson,1,Transformer,-8.813010508174932,0.0001252523361272339,4.6612955024171955e-05,2.0
SP500,Parkinson,1,PatchTST_lite,-8.754386558416755,0.00012324415736229526,4.9426794507283576e-05,4.0
SP500,Parkinson,5,HAR,-8.531490709391147,0.00015643617032407554,5.085260634535551e-05,6.0
SP500,Parkinson,5,ARIMA,-8.52458502156471,0.00015574088017390422,4.981745330423825e-05,7.0
SP500,Parkinson,5,GARCH,-8.562164489151492,0.00018535170069555832,8.892476284038123e-05,5.0
SP500,Parkinson,5,LSTM,-8.681441141679404,0.00016016533491166658,6.242062243568303e-05,1.0
SP500,Parkinson,5,CNN_LSTM,-8.67499596761475,0.00016845435268881317,6.444341011478273e-05,2.0
SP500,Parkinson,5,Transformer,-8.654445918027667,0.00017338295526120833,6.311691333748406e-05,3.0
SP500,Parkinson,5,PatchTST_lite,-8.62897884694446,0.000155808240449898,5.573954330055716e-05,4.0
SP500,Parkinson,22,HAR,-8.43388341707051,0.0001595064911459627,5.4213465040234834e-05,4.0
SP500,Parkinson,22,ARIMA,-8.374511054946911,0.00015934934150252193,5.3613187668975144e-05,6.0
SP500,Parkinson,22,GARCH,-8.479500810933207,0.00018269344988691312,9.830053511199793e-05,3.0
SP500,Parkinson,22,LSTM,-8.601913422928153,0.00016031505113702112,7.205871381417932e-05,1.0
SP500,Parkinson,22,CNN_LSTM,-8.283262719514148,0.00017348065876663223,6.933659988593669e-05,7.0
SP500,Parkinson,22,Transformer,-8.550363044779534,0.00015940033813830796,6.623166230225474e-05,2.0
SP500,Parkinson,22,PatchTST_lite,-8.400016254683702,0.00016522589009378065,7.205529337099616e-05,5.0
SP500,YangZhang,1,HAR,-8.536895099056423,9.053670420614885e-06,4.015357838736285e-06,2.0
SP500,YangZhang,1,ARIMA,-8.536945772167613,9.084827013663292e-06,4.027770968031913e-06,1.0
SP500,YangZhang,1,GARCH,-8.460571090011406,7.714471617795913e-05,3.88549430499956e-05,7.0
SP500,YangZhang,1,LSTM,-8.535869396009565,1.0514343510606586e-05,5.539458629750919e-06,3.0
SP500,YangZhang,1,CNN_LSTM,-8.534588626536195,1.1954264036397184e-05,6.2687144393909084e-06,4.0
SP500,YangZhang,1,Transformer,-8.526692289961682,2.4012227735963513e-05,1.1457420168003899e-05,5.0
SP500,YangZhang,1,PatchTST_lite,-8.516218784948885,3.744787425758465e-05,1.756019741318614e-05,6.0
SP500,YangZhang,5,HAR,-8.507272917548796,3.5028707813045755e-05,1.587639350794727e-05,2.0
SP500,YangZhang,5,ARIMA,-8.508075507629739,3.515263431769636e-05,1.5861537551511956e-05,1.0
SP500,YangZhang,5,GARCH,-8.453684105278148,6.582097763031408e-05,3.693593299050613e-05,7.0
SP500,YangZhang,5,LSTM,-8.503739247050994,3.585180119335681e-05,1.592248043581382e-05,4.0
SP500,YangZhang,5,CNN_LSTM,-8.504053653053516,3.223845140598227e-05,1.4854460006151858e-05,3.0
SP500,YangZhang,5,Transformer,-8.488592031690834,3.7607438833589104e-05,2.0096523690493276e-05,6.0
SP500,YangZhang,5,PatchTST_lite,-8.49696527316585,4.295753946138052e-05,2.047322506690446e-05,5.0
SP500,YangZhang,22,HAR,-8.28580725553851,8.720726427275421e-05,4.706421398827321e-05,2.0
SP500,YangZhang,22,ARIMA,-8.26214935709759,9.107881560280534e-05,4.926677396327647e-05,3.0
SP500,YangZhang,22,GARCH,-8.304522309911109,0.00010525768457664866,6.616633246363574e-05,1.0
SP500,YangZhang,22,LSTM,-8.256841570490945,0.00012676816147359958,7.061748729162073e-05,4.0
SP500,YangZhang,22,CNN_LSTM,-8.185307465635542,9.122244454131301e-05,5.006337383296506e-05,7.0
SP500,YangZhang,22,Transformer,-8.252001115922695,8.60687693212173e-05,4.461784321617918e-05,6.0
SP500,YangZhang,22,PatchTST_lite,-8.252318394188784,8.97190233916543e-05,4.627745074536904e-05,5.0
NASDAQ100,CC,1,HAR,-5.56196024706559,0.0005457382105053803,0.00019650194496346245,7.0
NASDAQ100,CC,1,ARIMA,-5.562638115032744,0.0005476978997009748,0.00019634635756317587,6.0
NASDAQ100,CC,1,GARCH,-7.616802551932332,0.0005149959409390683,0.0002272364545154215,4.0
NASDAQ100,CC,1,LSTM,-7.6443734032320165,0.0005005263562885374,0.00021678463332344873,1.0
NASDAQ100,CC,1,CNN_LSTM,-7.644059208496693,0.0004967523551381428,0.0002178674759246079,2.0
NASDAQ100,CC,1,Transformer,-7.624207937699587,0.000502866511124623,0.0002048281988197691,3.0
NASDAQ100,CC,1,PatchTST_lite,-7.568225415178367,0.0005021190298936421,0.0002147931459323388,5.0
NASDAQ100,CC,5,HAR,-5.402941987960666,0.0005487189694774671,0.00019679317553459466,7.0
NASDAQ100,CC,5,ARIMA,-5.48700355221302,0.0005484361316756871,0.00019655776478039,6.0
NASDAQ100,CC,5,GARCH,-7.561789766338346,0.0005272648908365295,0.00023110937056174835,2.0
NASDAQ100,CC,5,LSTM,-7.5278090373500985,0.000560243646109906,0.0002288303233347671,3.0
NASDAQ100,CC,5,CNN_LSTM,-7.4611483542837,0.0005237185614242701,0.00021460909444582902,4.0
NASDAQ100,CC,5,Transformer,-7.583621757551044,0.0005144893848403342,0.00021390180700860085,1.0
NASDAQ100,CC,5,PatchTST_lite,-7.445602466442762,0.0005234152489046581,0.00020356559104607572,5.0
NASDAQ100,CC,22,HAR,-5.093997473957289,0.0005526754132062221,0.0002002900264593096,7.0
NASDAQ100,CC,22,ARIMA,-5.349956537559715,0.000550840129275179,0.00019833024999132596,6.0
NASDAQ100,CC,22,GARCH,-7.514755881118574,0.0005290103599834776,0.00024039682471571963,2.0
NASDAQ100,CC,22,LSTM,-7.4351913535092145,0.0005352009082551996,0.00023204903551785934,4.0
NASDAQ100,CC,22,CNN_LSTM,-7.524607457282677,0.0005235632057848498,0.00022325429429663926,1.0
NASDAQ100,CC,22,Transformer,-7.251144107813229,0.0005157970242301429,0.00021410444243763667,5.0
NASDAQ100,CC,22,PatchTST_lite,-7.492319716203177,0.0005247404908438413,0.00022746436159087636,3.0
NASDAQ100,Parkinson,1,HAR,-8.150590343144687,0.00020455349407352984,7.482151795607257e-05,6.0
NASDAQ100,Parkinson,1,ARIMA,-8.155137953553037,0.0002076215612329545,7.422776764899253e-05,5.0
NASDAQ100,Parkinson,1,GARCH,-8.063125238308807,0.0002536282264825718,0.00014558678619019445,7.0
NASDAQ100,Parkinson,1,LSTM,-8.226289495829722,0.00019071987493595463,8.703283717676253e-05,3.0
NASDAQ100,Parkinson,1,CNN_LSTM,-8.232298234785079,0.00018825047835487039,7.871630223813507e-05,1.0
NASDAQ100,Parkinson,1,Transformer,-8.22929736331222,0.00019539243316263815,8.33588251320856e-05,2.0
NASDAQ100,Parkinson,1,PatchTST_lite,-8.209343911196889,0.0001975686945802519,7.934576915748387e-05,4.0
NASDAQ100,Parkinson,5,HAR,-8.03816579948295,0.00022268326569386794,8.2533106991384e-05,5.0
NASDAQ100,Parkinson,5,ARIMA,-8.034424614725054,0.00022199165386600103,7.997165880295816e-05,6.0
NASDAQ100,Parkinson,5,GARCH,-7.995643406103422,0.0002758480974079551,0.00015493300846726666,7.0
NASDAQ100,Parkinson,5,LSTM,-8.105825539553672,0.00022232976812419907,8.976939090125573e-05,2.0
NASDAQ100,Parkinson,5,CNN_LSTM,-8.127058061012427,0.0002207218829838195,9.626462637463235e-05,1.0
NASDAQ100,Parkinson,5,Transformer,-8.101980691315964,0.00022796593673480857,9.751710164019475e-05,3.0
NASDAQ100,Parkinson,5,PatchTST_lite,-8.098334789523074,0.00022408597527259536,9.177042469304402e-05,4.0
NASDAQ100,Parkinson,22,HAR,-7.944847576542812,0.00022737612562433694,8.746955563816853e-05,5.0
NASDAQ100,Parkinson,22,ARIMA,-7.905327303101177,0.00022768990400803073,8.631638372965998e-05,7.0
NASDAQ100,Parkinson,22,GARCH,-7.9350406356324115,0.0002745211698697208,0.0001648810663820552,6.0
NASDAQ100,Parkinson,22,LSTM,-8.025202967488067,0.00023415777504432608,0.00010803769355304264,2.0
NASDAQ100,Parkinson,22,CNN_LSTM,-8.08342969303364,0.0002346907150713142,0.00010715955551995773,1.0
NASDAQ100,Parkinson,22,Transformer,-7.958237311374981,0.0002872379850027221,0.00016177414385942868,4.0
NASDAQ100,Parkinson,22,PatchTST_lite,-7.975920850835221,0.00026975275072560506,0.0001343173844439602,3.0
NASDAQ100,YangZhang,1,HAR,-7.788394801333904,1.723259463216671e-05,8.345751381787182e-06,2.0
NASDAQ100,YangZhang,1,ARIMA,-7.788423072463294,1.7292306790026702e-05,8.338538332760687e-06,1.0
NASDAQ100,YangZhang,1,GARCH,-7.747595190989206,9.631404909666498e-05,5.321756364402869e-05,7.0
NASDAQ100,YangZhang,1,LSTM,-7.787887000936217,1.6331028887664372e-05,9.740824628448027e-06,4.0
NASDAQ100,YangZhang,1,CNN_LSTM,-7.788024252760656,1.8696832936096535e-05,9.946401187011776e-06,3.0
NASDAQ100,YangZhang,1,Transformer,-7.776933442736782,3.900997164825213e-05,2.6542741509268762e-05,5.0
NASDAQ100,YangZhang,1,PatchTST_lite,-7.771463470191998,5.414637601719896e-05,3.2505664328312496e-05,6.0
NASDAQ100,YangZhang,5,HAR,-7.764788673322512,5.821935626063103e-05,2.957945350472712e-05,5.0
NASDAQ100,YangZhang,5,ARIMA,-7.76525374716248,5.8231598504172436e-05,2.9465227527454397e-05,4.0
NASDAQ100,YangZhang,5,GARCH,-7.742932858891063,8.704424741324869e-05,5.204784767242177e-05,7.0
NASDAQ100,YangZhang,5,LSTM,-7.768313620654324,5.6026418978050444e-05,2.8936110919798756e-05,1.0
NASDAQ100,YangZhang,5,CNN_LSTM,-7.767979108498826,5.0185475811665745e-05,2.61163011592147e-05,2.0
NASDAQ100,YangZhang,5,Transformer,-7.766630685211815,5.0356186089784184e-05,2.9424225557590006e-05,3.0
NASDAQ100,YangZhang,5,PatchTST_lite,-7.763944395074524,5.5469618121771304e-05,3.150339710678431e-05,6.0
NASDAQ100,YangZhang,22,HAR,-7.583447939752611,0.0001469429599611146,8.895370367657572e-05,4.0
NASDAQ100,YangZhang,22,ARIMA,-7.5759758268834885,0.000152977892027903,9.114767099335726e-05,5.0
NASDAQ100,YangZhang,22,GARCH,-7.619921368049624,0.00016497460035591808,0.0001043900536154165,2.0
NASDAQ100,YangZhang,22,LSTM,-7.630039531580681,0.00015665127075781724,9.228072174971225e-05,1.0
NASDAQ100,YangZhang,22,CNN_LSTM,-7.601690943259379,0.00017235032507233975,0.00010282801495115313,3.0
NASDAQ100,YangZhang,22,Transformer,-7.4465595798294935,0.0001679530632717782,0.00010373952327022366,7.0
NASDAQ100,YangZhang,22,PatchTST_lite,-7.52567382922271,0.00015496851754733863,8.920635976302297e-05,6.0
DJIA,CC,1,HAR,-6.2948590729007226,0.00024669096679683333,8.223927654811519e-05,6.0
DJIA,CC,1,ARIMA,-6.046303408942018,0.0002488235202578315,8.274926305308973e-05,7.0
DJIA,CC,1,GARCH,-8.465026347097734,0.00023431592271765705,0.00010007601463093539,4.0
DJIA,CC,1,LSTM,-8.484560956035159,0.00022843206054874778,0.00010598706486336364,2.0
DJIA,CC,1,CNN_LSTM,-8.494227579911257,0.0002298237112134485,0.00010549129132712628,1.0
DJIA,CC,1,Transformer,-8.481246582280077,0.0002336324227363756,0.00010503996671087377,3.0
DJIA,CC,1,PatchTST_lite,-8.306668650283518,0.0002870221736489591,0.00012171821864527639,5.0
DJIA,CC,5,HAR,-5.925919310050558,0.00024853734369525266,8.238502825695836e-05,6.0
DJIA,CC,5,ARIMA,-5.84790039315916,0.00024943560353830565,8.293548070338694e-05,7.0
DJIA,CC,5,GARCH,-8.364238719737083,0.00024369285272973806,0.00010323376521368767,4.0
DJIA,CC,5,LSTM,-8.406132604478609,0.00024119883765108888,9.819576397733629e-05,1.0
DJIA,CC,5,CNN_LSTM,-8.394412339290744,0.000247916788394795,0.00010469345503609377,3.0
DJIA,CC,5,Transformer,-8.405661898875783,0.00023827778582127438,9.700635586945558e-05,2.0
DJIA,CC,5,PatchTST_lite,-8.321697886661996,0.00024258885257584102,9.744627590544061e-05,5.0
DJIA,CC,22,HAR,-5.839776937410446,0.00025008959984702134,8.336098296644254e-05,7.0
DJIA,CC,22,ARIMA,-6.161580724592828,0.0002497238882856236,8.302739493812448e-05,6.0
DJIA,CC,22,GARCH,-8.33356198813536,0.0002452150670899879,0.00011331408805718175,3.0
DJIA,CC,22,LSTM,-8.351095117433399,0.00024170107079960528,0.00010109532352823188,1.0
DJIA,CC,22,CNN_LSTM,-8.090724475914293,0.0002461031052149892,9.967345320977493e-05,5.0
DJIA,CC,22,Transformer,-8.34018923582358,0.00024051957739222937,0.00011076759023272499,2.0
DJIA,CC,22,PatchTST_lite,-8.235700619380186,0.00024934920619793297,0.00013586280869621865,4.0
DJIA,Parkinson,1,HAR,-8.805570035274865,0.00011005504311239486,3.801153955686139e-05,6.0
DJIA,Parkinson,1,ARIMA,-8.814066881319166,0.00011141254161916588,3.785218883647869e-05,5.0
DJIA,Parkinson,1,GARCH,-8.77249705759213,0.00012065932233428925,6.202327320543692e-05,7.0
DJIA,Parkinson,1,LSTM,-8.874020747467442,8.565356102528698e-05,4.1192228764933207e-05,1.0
DJIA,Parkinson,1,CNN_LSTM,-8.870424656955231,9.551734328717812e-05,4.174597673326611e-05,3.0
DJIA,Parkinson,1,Transformer,-8.873560843337893,9.136073610957258e-05,4.167060035976198e-05,2.0
DJIA,Parkinson,1,PatchTST_lite,-8.834798912212113,9.75460217677701e-05,4.579741030533956e-05,4.0
DJIA,Parkinson,5,HAR,-8.652304487879558,0.00012135754383447798,4.235703838718671e-05,7.0
DJIA,Parkinson,5,ARIMA,-8.663499442402117,0.00012073394559809058,4.186445039572445e-05,6.0
DJIA,Parkinson,5,GARCH,-8.669320044775422,0.00013949369810731992,6.962771111257298e-05,5.0
DJIA,Parkinson,5,LSTM,-8.75566957161506,0.00013103752432689394,5.4965720568012274e-05,1.0
DJIA,Parkinson,5,CNN_LSTM,-8.75231657365674,0.00012769917072025778,5.1989260767912485e-05,2.0
DJIA,Parkinson,5,Transformer,-8.7034767884099,0.00012807887880281183,5.1267074778052886e-05,4.0
DJIA,Parkinson,5,PatchTST_lite,-8.719938251571564,0.00012092500709445808,4.759069238118599e-05,3.0
DJIA,Parkinson,22,HAR,-8.588037796245011,0.00012391506275795676,4.491952487394424e-05,6.0
DJIA,Parkinson,22,ARIMA,-8.583984250479542,0.00012330385236131668,4.457381488070074e-05,7.0
DJIA,Parkinson,22,GARCH,-8.589001095124635,0.0001434045143500457,8.124671759506714e-05,5.0
DJIA,Parkinson,22,LSTM,-8.699574332316052,0.00012759241380778434,5.7948467289653696e-05,1.0
DJIA,Parkinson,22,CNN_LSTM,-8.662444495710632,0.000126456989651851,5.8767716258487676e-05,3.0
DJIA,Parkinson,22,Transformer,-8.636622465747257,0.0001244886228801792,5.042180247502081e-05,4.0
DJIA,Parkinson,22,PatchTST_lite,-8.66414768743768,0.00012621048137871217,5.913981197479175e-05,2.0
DJIA,YangZhang,1,HAR,-8.69964542512473,7.181110022985074e-06,3.203792165078183e-06,2.0
DJIA,YangZhang,1,ARIMA,-8.699661670006174,7.317262610572205e-06,3.2441676289328472e-06,1.0
DJIA,YangZhang,1,GARCH,-8.619871308950486,5.721813780972373e-05,3.1202715565204594e-05,7.0
DJIA,YangZhang,1,LSTM,-8.698604925533836,7.632627926112664e-06,4.305847398572169e-06,4.0
DJIA,YangZhang,1,CNN_LSTM,-8.698790396388667,8.912199810062952e-06,4.599779439813059e-06,3.0
DJIA,YangZhang,1,Transformer,-8.68954319308695,1.6126525489750876e-05,9.88323536954401e-06,5.0
DJIA,YangZhang,1,PatchTST_lite,-8.67633864903152,2.9963530169303886e-05,1.50564361769812e-05,6.0
DJIA,YangZhang,5,HAR,-8.675193079470466,2.7353595943605994e-05,1.2524214525529345e-05,3.0
DJIA,YangZhang,5,ARIMA,-8.67539246143923,2.8343102786914643e-05,1.2702016723432223e-05,2.0
DJIA,YangZhang,5,GARCH,-8.612988455429674,4.896770690330945e-05,3.049518143626783e-05,7.0
DJIA,YangZhang,5,LSTM,-8.677416927810336,2.55031614308578e-05,1.1501640602564408e-05,1.0
DJIA,YangZhang,5,CNN_LSTM,-8.674550281562174,2.6808567514162988e-05,1.2754974835912548e-05,4.0
DJIA,YangZhang,5,Transformer,-8.671692218214135,2.8685334042601974e-05,1.4167718909367024e-05,5.0
DJIA,YangZhang,5,PatchTST_lite,-8.65596492163227,3.449315003320468e-05,1.7501079709556813e-05,6.0
DJIA,YangZhang,22,HAR,-8.503621742751037,6.69010774375732e-05,3.663771957440368e-05,2.0
DJIA,YangZhang,22,ARIMA,-8.473679542885625,7.569960974092804e-05,4.158874240144243e-05,5.0
DJIA,YangZhang,22,GARCH,-8.477427434654832,8.389868931510902e-05,5.4970624506753586e-05,4.0
DJIA,YangZhang,22,LSTM,-8.524923124742559,7.376809153577817e-05,3.513373220236937e-05,1.0
DJIA,YangZhang,22,CNN_LSTM,-8.438534844698994,6.961619132627834e-05,3.55447706507174e-05,7.0
DJIA,YangZhang,22,Transformer,-8.488331585808599,8.570149531860228e-05,4.3131313706457645e-05,3.0
DJIA,YangZhang,22,PatchTST_lite,-8.460768826467794,7.282020456283025e-05,3.8903782218717096e-05,6.0
